مكناسة,33.91455,-5.56626
تيز مكران,null,null
الخان حان لنجان,null,null
السويدية,36.0896,35.99387
جوبين وملين,null,null
ضبة,null,null
عقبة أفيق,null,null
دوفانة,35.49564,6.62915
رباط الاوقل,null,null
قرية,39.9627,-6.55006
جامان,null,null
تنيس,31.21262,32.22755
السحول,14.1937,44.03504
مجدل سلم,null,null
آستانة,null,null
رباط زرودوا,null,null
اسداواذ,null,null
جروجرد,37.50068,61.87474
بدر,13.87387,44.72906
شغب,null,null
خجندة,40.24606,69.63107
الماريين,null,null
الخوار,35.26209,52.40859
الرصافة,35.60242,38.77933
الصفراء,24.03308,38.95085
باركان,null,null
بردر,null,null
كير حراس,null,null
قبا,40.5566,72.18143
غبيرا,null,null
كوفى,null,null
قلونية العوفي,40.32189,38.49484
الجحفة,22.60833,39.12422
عكبرا,33.85526,44.22504
شاوغر,43.25,68.3157
طخفة,24.95296,43.01192
بيلمان,null,null
راس الدنيا,30.00577,53.78841
رويثة,24.01966,39.23589
الزاب,null,null
بندق,null,null
خاوص,40.22314,68.82906
شمشاط,38.61412,39.83119
قرمونة,37.42933,-5.64097
شاوكرد,null,null
نزوة,22.86309,57.52541
الأبواء,23.22814,39.09484
ويلة,29.57226,34.94527
دارا,37.18527,40.94689
كوم شريك,30.63742,30.75642
دزاوند,null,null
نهاوند,34.21512,48.39263
وادي الحجارة,40.6491,-3.15111
جرنان,37.92941,39.61765
نوزكات,null,null
صنعاء,15.37373,44.20186
ولا شتان,null,null
أجم,31.24752,49.04158
کدی,null,null
قسطان,null,null
الختل,37.94076,69.75285
یبنبم,null,null
الدامغان,null,null
ريكان,28.65133,58.73846
زرمان,39.7739,66.63169
رباط خواران,38.54277,65.33793
الرمادة,36.08,59.66585
ثمانين,37.31295,42.64158
زامين,null,null
كوغون,29.61836,57.06721
خيسار,34.27292,62.58466
مشكويه,35.30758,50.77259
جوراب,34.21059,48.90536
ماس,31.44454,51.91938
الصليق,null,null
مزارعى,36.63683,43.055
الخرارة,30.04859,51.94541
الأبلة,30.49692,47.83555
رباط أفريغون,37.26306,65.27273
المونسة,null,null
خربة القوم,31.35376,26.11423
تلستانة,37.03409,61.47492
خره روذ,null,null
قصر الأمير,null,null
قرية براتكين,43.19354,59.95269
جنابة,29.60089,50.53898
سرخس,36.51694,61.18671
مغمداش,31.19302,16.22169
رباط بارس,38.84034,63.35393
جوى سليمان,28.12851,58.18338
قصر يزيد,null,null
طاق سعيد,null,null
كران,27.76342,52.86193
جسر سمور,41.84983,48.48301
مطارة,null,null
نوكباغ,null,null
تونس,36.77071,10.17736
إسبيجاب,42.23062,69.75409
فم العضدى,30.41602,48.14211
جعاد وجورد,null,null
رباط كشر,null,null
ارمابيل,26.23769,66.38343
الماحوز,null,null
بارما,35.07982,43.57361
دسكاخان خاس,41.84474,59.93725
بلد ابن السوانيطى,null,null
الكنيسة,32.7475,34.95381
طريثيث,35.13557,58.4113
ازميران,null,null
آزر,null,null
بدا,null,null
رباط الأمير,37.58399,54.76443
قاووس,null,null
أسبيجاب,42.23062,69.75409
وايخان,42.0552,60.19436
جياد الصغير,31.99027,23.96719
يونان,null,null
شاوكث,null,null
النباج,26.35812,44.45181
البثنية,32.72189,36.15837
سابور,29.83157,51.51624
غروة,31.54027,49.89724
اوغ,33.95277,69.86876
به,26.22927,61.33378
قنطرة النعمان,34.46868,47.65232
الحوران,32.65059,36.73153
دخويذ,null,null
روزوند,null,null
نشوى,null,null
مه,28.05331,52.2805
بمولصة,null,null
قنى غياث,null,null
العسكر,null,null
الأهواز,31.32986,48.69059
سلوق,31.4018,20.24835
الجبل الأسود,null,null
رايكان,36.81951,58.96653
خواص,27.79777,61.88374
رباط كرودين,31.38151,63.14407
شوراب,31.20731,48.79726
الرملة,31.92484,34.86436
عمان,31.93113,35.91903
حماة,35.12587,36.76872
كفرسلام,null,null
الرب,33.46273,43.26055
قرية جومة,null,null
أسفراين,36.98777,57.43023
مسجد إبراهيم,31.53018,35.08912
اسك,30.7313,49.69307
كازرون,29.60743,51.68412
حلوان,33.94771,56.22435
أثافت,16.11174,43.97249
قصر العبادى,30.94914,17.29329
مرند,38.46017,45.80321
شوروخ,null,null
خاوس,null,null
ذات الحمام,30.86496,29.30208
أرومية,null,null
الراس العین,null,null
سمنان,35.49513,53.40856
مقرة,35.54259,5.0297
السليلة,24.34402,41.22235
نوى,null,null
دارقان,33.44757,48.7573
أرذخيوه,null,null
حارفة,null,null
مرج قيسارية,null,null
خانقين,34.34844,45.44708
الحدادة,36.2852,54.80181
دره,null,null
بلخ,36.78497,66.88305
زرنج,30.7594,61.61613
اش وبورد,null,null
مآب,31.2579,35.73272
قناة سرى,null,null
مرو,37.67193,62.10386
زنك,null,null
سالوس,36.60408,51.45535
مذر,35.38044,67.85287
حنس,null,null
تماجر,null,null
بيلمك,37.88855,54.72705
بانياس,33.2515,35.67787
ازكاس,31.51558,52.17709
تارم,28.18163,55.80841
بيابشوراب,28.69894,52.68133
السوس الأدنى,null,null
صور نحو,null,null
جلولا,34.17989,45.11759
شرف الصلا,null,null
سرشك,null,null
هوارة,35.55078,0.442
الريدة,15.83194,44.0447
أبيورد,37.27,59.59733
جويقان,42.94872,59.88682
خرندة,null,null
جنبد,null,null
جرموا,null,null
رباط تاش,39.99849,63.82036
غردمان,41.88381,60.37258
برقعيد,36.95274,42.07551
خسروجرد,36.18956,57.47851
آبسكون,37.02772,54.04327
أبرقوه,31.15094,53.25737
سواد مقولة,null,null
قرية العصبيات,null,null
رزمانان,null,null
هرمز,null,null
سكة الحمام,31.19426,26.77604
أرجان,null,null
المحراقة,null,null
برزرة,null,null
یحصب,null,null
كاهون,28.87915,55.33985
راس العقبة,null,null
بايماب,null,null
النير,38.02656,47.9913
الفرضة,34.679,40.78158
العرف,15.09101,44.27297
الفرما,31.02282,32.59811
ينابد,null,null
لاه وكره,null,null
بخارا,null,null
شمكور,40.99521,46.06157
جابروان,null,null
ملطين,38.35806,38.35767
جبل,null,null
قصر اللصوص,34.4958,47.90457
قفصة,34.40681,8.82032
كنباية,22.35228,72.56065
نفشارية,null,null
صيدا,null,null
شروان,31.97709,64.84747
خواذان,30.24443,51.50809
حصن صاعس,null,null
شراخان,41.50228,60.94019
الأرد,null,null
النهية,34.39307,41.5567
دينازارى,37.57458,55.99881
قرية الرمان,29.37477,52.80644
ذات عرق,21.62677,40.42853
جدة,21.46201,39.1779
اشبورقان,36.65136,65.78352
بند,26.0929,62.05375
قرية القاضي,null,null
مامطير,36.51713,52.74659
الشامات,29.76249,56.01438
عرقة,17.31174,43.71306
خوار الرى,null,null
الملتان,null,null
كردر,42.80533,59.79383
فاز,37.39749,62.29575
زياداباذ,null,null
ماردة,38.89521,-6.32886
تل حور,null,null
كيس,null,null
بسمد,29.12094,70.8735
السرحتین,null,null
كراباذ,null,null
دشت أرزن,29.6096,51.94222
جب حماد,38.58258,63.20339
قلميهن,37.12708,59.28793
مرجان,36.39341,55.67094
الکلایة,null,null
قرية جرا,null,null
الدارين,26.28437,50.19373
خرائب ابى حليمة,null,null
درزده,39.31836,67.06451
نهر الشاش,null,null
الغاضرة,null,null
جبال الديلم,null,null
خابران,30.96763,49.80777
أمج,null,null
قرح,26.55412,37.99288
اوبران,null,null
کثبة,18.48351,42.98036
ویلة,null,null
تعاسير,null,null
رباط قهستان,31.36919,63.54388
بوراب,null,null
استربيان,34.2484,62.80223
كركوه,null,null
طباش,41.16025,75.81567
الكسوة,33.35826,36.23184
كندر,35.12055,58.12875
سرى شهر,null,null
يثرب,24.47782,39.60908
تيمارستان,null,null
فنزبور,null,null
تمتاج,42.56503,70.50767
طبرقة,36.91556,8.81185
دهك,null,null
نصيبين,37.05514,41.22167
قصر الريح,36.03203,59.129
الميانج,37.40341,47.74052
غزة,31.49664,34.45664
همذان,34.77554,48.57908
الخان,null,null
فلس,null,null
كش,39.03102,66.84071
رباط سراب,31.85842,66.38343
حلب,36.19828,37.17518
سيمور,null,null
خروذ,null,null
غرفة,null,null
كاث,null,null
غركرد,42.02949,69.82576
أندخوذ,36.95541,65.16655
رباط جرا,null,null
المنصورة,25.8651,68.87697
باب الأبواب,42.04308,48.30854
الزرقاء,32.07029,36.08689
الروحاء,24.11893,39.2976
وادي فره,null,null
بلنسية,39.43516,-0.41486
تلخاب,39.34245,47.82733
اليهوديتين,30.77615,17.72231
سارية,36.53215,53.11807
جرجرايا,32.74104,45.31987
سراة,null,null
قرقوب,32.17254,47.70188
خناب,29.85672,56.71727
خنكل اباذ,null,null
داريان,29.54062,52.92548
ترمانة,null,null
حمام ابن عمر,32.39084,44.34773
البقارة,31.02385,33.12566
السرین,null,null
باشان,34.28751,62.37698
طبنة,35.32395,5.35573
اللور,32.53782,48.30291
v,null,null
المسلح,22.44276,40.79626
المصدقان,35.06107,49.85406
قلنسوة,32.29512,34.98155
الاسحاقية,null,null
سبخة منهوسا,null,null
قصر أعين,30.82066,52.44521
ابشين,35.24882,63.528
كرك,31.17824,35.69038
كاربايه,null,null
قرن,21.46576,40.21296
سطيف,36.15863,5.4076
قارا,null,null
الصفصاف,null,null
اشبيلية,37.4079,-5.96199
كركويش,null,null
بدوخكث,null,null
بدليس,38.3955,42.13266
الجب,null,null
كالف,37.37958,66.31581
الناووسة,null,null
كرج,33.88116,49.54697
المغار,null,null
الرمل,40.13581,63.16025
رباط شار,null,null
الملاحة,35.53664,59.36352
جزه,31.9686,62.3861
رستاق الرستاق,null,null
أنبار,36.20578,65.94751
تاكنست,null,null
برمست,null,null
وادي الملح,null,null
اليهودية,35.9347,64.83857
قرية البخاريين,38.07235,65.15512
كنيسة المجوس,null,null
البحيرة,null,null
أرسكن,35.74074,63.44735
رباط علياباذ؟؟؟,null,null
هنته,null,null
ساباط,null,null
فاس,34.06727,-5.02852
یثرب,null,null
جسر جهنم,31.4767,50.23675
القطيفة,33.74546,36.60247
خليص,22.10557,39.41808
زردوخ بريدا,null,null
مكة,21.39132,39.83612
نرماسير,28.98436,58.64795
سفا,null,null
بيت سرعا,null,null
بدش,null,null
ترمغان,40.78105,70.89318
بنجهير,35.51814,69.81804
المنصف,30.18702,32.05366
بذخشان,37.59609,70.79525
ورامين,null,null
قدس,33.12189,35.49123
عين الحجر,null,null
قرماسين,34.32388,47.09845
فرهاكرد,35.782,59.56978
الینسوعة,null,null
إسبيدروذ,null,null
الدستجرده,36.8334,66.6411
الزبيدية,34.43457,46.93427
آوه,34.68541,50.54227
نابادغين,40.79993,62.06959
الدندانقان,37.27393,61.65152
قنسرين,35.99617,37.02701
كارزين,null,null
ديمس,null,null
السيلحين,33.41382,44.06385
رفح,31.3087,34.25897
جزيرة ابن عمر,37.28521,42.19943
شيزر,35.25585,36.55938
سابرخاست,null,null
شروراح,null,null
عانة,34.43481,41.95904
فاقوس,30.71061,31.79581
أوش,40.53599,72.85752
دات العشر,null,null
أوزكند,null,null
الحسنية,37.11078,42.72248
خشم,37.48626,49.18674
آمد,37.9151,40.21323
برزة,36.5057,46.2141
القريتين,31.18315,16.44486
إصطخران,null,null
جوسية,34.44699,36.56409
ينبع,24.1082,38.12512
الكرج,33.88116,49.54697
أذرعات,32.61046,36.09087
تل اعفر,36.36312,42.49401
دار ملول,null,null
الطالقان,36.76021,69.62314
جب يوسف,32.92434,35.52565
الفهرج,27.28057,60.66186
البق,null,null
خلار,29.98842,52.19005
المحلة الكبيرة,30.97329,31.14662
أردبيل,38.23604,48.30651
المشهد,36.20578,59.59168
رباط علياباذ؟؟؟ پانویس,null,null
ألهان,14.80399,44.07982
خوى,38.5865,44.99055
راسك,26.70943,61.22272
القيروان,35.70049,10.14137
ستوركث,40.88768,68.87652
الفارياب,36.46025,64.93938
كرج ابى دلف,null,null
باب الحديد,38.22114,67.03158
قرية الخوارزميين,37.69255,65.56778
سقيا بنى غفار,null,null
المحلبية,36.25676,42.7655
مشكى,27.46467,63.94609
طرابلس,34.44044,35.85194
منزل,null,null
بيمند,29.66254,55.59756
نهر الاردن,null,null
الرها,37.1497,38.82122
دشت ارزن,29.6096,51.94222
سرت,31.09917,16.60839
قابس,33.86603,10.08563
ماهان,30.11166,57.31039
أخسيكت,null,null
باجروان,39.2256,48.12475
مکه,21.39132,39.83612
الراشدية,null,null
برقوى,null,null
طبرية,32.77755,35.51241
بئر ابن المرتفع,null,null
سنجار,36.32446,41.89101
زيادواذ,null,null
خبيص,30.46232,57.75292
الجرجانية,42.45632,59.21993
مهرجاناواذ,null,null
السدرة,36.8377,66.21231
البیضاء,null,null
الاعراء,28.06253,35.57504
شرف ذي النمل,null,null
قسطيلية,33.88951,8.27517
بنكث الشاش,null,null
خيوه,41.38465,60.33577
مروالروذ,null,null
خشت,41.02958,70.53285
سندان,19.90633,73.01422
قرية جويم,null,null
الرى,35.62754,51.50831
سلماس,38.22277,44.82832
قيسارية,null,null
موش,38.75648,41.48709
حروري,31.2857,62.39332
ارمسا,null,null
نيسابور,36.12138,58.79841
الديمر,null,null
قصبة الدورق,null,null
سابرخواس,null,null
كنائس الحرير,30.91449,27.94768
شمسين,34.53863,36.74279
خان,null,null
قلشانة,null,null
دير العاقول,32.91181,44.9846
اصفقة,26.24757,62.20454
قرطبة,null,null
كركويه,31.26104,61.74272
مسجد أويس,null,null
غمرة,21.89675,40.84007
دارزنجى,37.84131,67.63175
سنكان,35.05003,59.41155
السوس,32.20166,48.26047
هروك,null,null
الدز,31.71801,50.29984
بيسان,32.5,35.49256
بيت جبريل,31.60564,34.88059
الشقور,35.28205,-1.45702
رباطروذ,null,null
رباط فيروزقند,null,null
جرجير,30.91373,32.19454
السوس الأقصى,null,null
ميافارقين,38.14322,41.00798
له,null,null
أوفه,34.4094,63.16814
بسابك,null,null
بغداد,33.35932,44.35693
قندابيل,28.62665,67.48191
ريشهر,30.34108,50.22217
جنكى,null,null
خونج,37.38856,47.2569
حويران,null,null
القادسية,31.65292,44.18717
بغلان,36.2356,68.77093
نسا,30.03958,52.36712
القرية الحمراء,null,null
شرف النبک,null,null
بلد ابن الملاين,null,null
ذات السلاسل,null,null
روزكان,31.80584,51.96103
خارزين,null,null
صفر,20.85351,41.68929
جراناباذ,null,null
جب العوسج,31.04479,27.30318
جهينة,null,null
ساغن,null,null
كماهنك,null,null
قلعة الحسن بن علي,null,null
أبین,null,null
بعلبك,34.01251,36.19213
كرمينية,40.14581,65.40937
الخيم,22.38571,39.56795
ملعب الملك,null,null
رباط حسن,40.50009,62.28269
أذرمة,36.99109,41.72002
سوبارة,19.52404,72.95093
مزداخقان,42.39769,59.5047
مهدي آباذ,null,null
دمشق,33.51843,36.30199
ودروه,null,null
مالقة,36.74791,-4.43066
بطن النخل,24.85968,40.00579
جيحون,null,null
أشترمغك,null,null
بده,31.29164,49.96262
محلة القياسين,37.44577,66.8817
كسحان,35.88354,64.54957
كرب,28.26649,54.21531
ريوند,36.18583,58.36115
جبل لبنان,34.15941,35.99225
باحمشا,null,null
البيلقان,39.86701,47.46081
الورادة,31.06734,33.54242
بجانة,36.95657,-2.41826
الكوفة,32.03808,44.39355
جب أمير المؤمنين,null,null
ساوة,34.97799,50.42711
بيكند,39.55752,64.07172
مهربان,null,null
جركان,30.09815,51.78402
جور,28.84797,52.58324
قرية العيون,33.36423,35.56778
جبل بيستون,null,null
قرية ابن بندار,30.13418,53.0309
الغمرة,21.89675,40.84007
المعدن,38.64984,-9.19189
يحيى اباذ,null,null
كردكان,29.79365,55.67825
رباط سنده,41.23222,61.76738
كنكابان,null,null
قرية الملح,35.26209,52.636
جوين,31.72221,61.60731
توز,26.71435,42.29198
خسو,28.5161,54.40794
برسخان الأعلى,null,null
راس الكلب,35.37647,53.07601
مورور,37.14029,-5.48272
الجش,33.03094,35.4502
دبيل,40.16468,44.68562
الروذة,35.10371,49.791
كهن روذ,null,null
قرية خاست,null,null
كروخ,34.47814,62.54651
بامهر,null,null
بغرقان,41.43986,61.27533
الزبداني,33.73115,36.08756
زبالة,29.40521,43.5639
رباط طغان,40.18541,62.82511
بستك,null,null
بنكث,41.22621,69.41991
باس وجكين,null,null
رباط دهستان,38.26671,54.61471
صامغر,null,null
جرمجوى,35.97336,54.04249
القاع,null,null
قرنة,null,null
فره,32.35928,62.06561
الرور,27.65788,68.90569
عسكر ابى جعفر,null,null
قرية الحمام,29.88067,53.16886
عسفان,21.88079,39.46144
البحيرة الحلوة,null,null
سرنديب,7.60759,80.81976
سينيز,29.92283,50.27838
كثة,31.90975,54.34286
كيلين,null,null
زانبوق,30.99252,61.91899
استجة,37.53493,-5.10865
برك,null,null
ههههه,null,null
السونشة,null,null
طرثيث,35.13557,58.4113
طزر,34.16749,46.4404
رخشميثن,41.64105,60.2021
ناتل,36.47768,51.91951
قلقاطوس,40.20714,46.6459
برزيان,null,null
نخشب,null,null
المسيلة,35.66309,4.53218
السودقانية,34.81448,43.60292
راكاه,34.42798,48.54618
تنس,36.49038,1.37563
قرية المجوس,31.74166,54.19969
تبالة,20.04558,42.41439
نمخكن,null,null
ماراباذ,34.3371,63.00426
النوبندجان,30.12743,51.55235
شرف البعل,28.9426,35.19783
الصلا,27.85039,35.41578
فربر,39.17015,63.61874
رباط شور,35.08069,63.52263
فارياب,36.46025,64.93938
سلمية,35.00401,37.07106
خوزن,null,null
شيراز,29.61884,52.52867
قامهل,23.61826,71.72209
فرخان,null,null
كيف,35.20428,62.42996
بيت المقدس,31.77768,35.20345
تبريز,38.06387,46.33121
بيت الرام,31.80167,35.60287
حنية الروم,30.80549,28.8519
الخوزية,null,null
بلد,36.47417,42.758
رباط علي,37.22611,54.51366
صاهه,36.10597,60.18929
المدائن,null,null
وفراوندة,null,null
خيوان,16.29079,44.06424
قرية الجمال,30.31412,55.70689
بردسير,30.30962,57.10475
قلعة ابن كندمان,41.56808,45.1678
ببنة,34.94152,62.4787
هراة,34.33419,62.15235
الرصد,null,null
أسبيذدشت,null,null
قصدار على الساحل في طول مكران ?,null,null
دوسنية,null,null
العقبة,36.17215,60.54672
نوكده,35.63286,60.00916
سنبل,null,null
جسر حر,null,null
كلكاو,null,null
اوزارمند,41.86361,59.74298
نابلس,32.22047,35.24238
منخوس,null,null
ذمار,14.56364,44.3972
حران,36.88438,39.08906
أقصى الغوطة,null,null
تون,33.92591,58.11679
الفتق,21.44752,41.28101
كتانة,33.69175,10.27879
سميرم,31.35567,51.81266
بصنا,31.99567,48.30405
مالايكرد,35.4167,60.29878
بیشة,null,null
إيذج,31.85548,49.87086
سوق الأربعاء,30.94139,48.5239
قصر الشماس,31.32418,26.37011
طميسة,36.7312,54.05573
بستان بنى عامر,null,null
الرام,null,null
بيسكند,36.08371,58.39294
موضع بغراخاقان,null,null
وردراغ,null,null
كرديز,33.62249,69.15407
زمخشر,42.21861,59.71005
كفرسابا,32.17778,34.88134
نهر العباس,null,null
البقيعة,32.21167,37.32662
جيرفت,28.69436,57.80498
قصر عمرو,null,null
عسقلان,31.66572,34.55455
ميان كال,39.34189,64.26931
الحدادية,null,null
ترنوط,30.40094,30.81078
خرماروذ,null,null
مخيل,null,null
بومهان,null,null
ینبع,null,null
النبک,34.02567,36.7322
ارجان,null,null
رباط ميانه,34.53751,62.7655
طبوس,null,null
شذونة,36.4664,-5.91433
أرزن,37.9789,41.65964
الجامدة,null,null
ديبل,24.43756,67.69101
معدن الفضة,null,null
عجلة,null,null
الحديثة,36.02054,43.39249
الاسكندرية,31.1949,29.90981
كيرند,28.41977,52.36569
النوق,null,null
درابجرد,28.75143,54.54591
سمندو,null,null
باراب,42.7449,68.29439
الروذان,30.39947,56.02186
القلزم,30.02822,32.55684
بئر السلاح,null,null
انرى,null,null
أندرابة,null,null
سفنجاوى,30.58971,67.02922
الإحساء,25.34929,49.54137
الفرات,35.81449,38.38504
فسا,28.92193,53.63181
أناس,null,null
مرجهينة,null,null
سردوس,30.16277,31.18645
قصدار,27.7765,66.59495
بيروت,33.90162,35.5091
الأعمشية,16.56721,43.95032
آمل,39.06795,63.51255
كول,null,null
كاريان,28.05935,53.70323
شورمين,34.72729,63.51568
حصن مهدى,30.52571,48.33301
ارسوف,32.19588,34.80739
نهر سليمان,null,null
نفرة,null,null
أمير,null,null
اوكينة,36.34872,60.79678
سمیراء,null,null
قورية,null,null
جنديسابور,32.29866,48.53919
الكلاية,27.50168,36.07695
تاهرت,35.36971,1.36504
اجغ,37.51437,56.95205
كولسره,null,null
الدالية,34.71355,40.74111
أزيلة,35.58306,-5.97486
يعاث,null,null
كفرطاب,35.50744,36.61239
جسر شاغر,null,null
نهر من,null,null
كلبايكان,null,null
ميغون,null,null
الزيتونة,34.35352,10.10538
القصر,31.14397,33.05753
دير النصارى,null,null
خاس,41.02958,70.53285
أسداواذ,null,null
كورستان,null,null
جزيرة بنى زغناى,null,null
سبداست,null,null
نهر تيري,null,null
قصر العطش,30.54115,18.19751
كفره,29.50609,52.49957
سمرقند,39.67905,67.03225
رباط البارد,null,null
قاين,null,null
روار,31.24891,56.87568
القسطنطينية,null,null
النهروان,33.43161,44.59405
ورثان,39.56659,47.64257
قرین,null,null
جايمن,null,null
سمنجان,36.22585,68.09011
باغلى,null,null
سقیا یزید,null,null
رباط نصرك,38.31229,62.99639
موخكان,null,null
الكرسي,null,null
قصر الدرق,null,null
تفليس,42.0841,44.83734
خالنجان,null,null
مروغان,null,null
برزند,38.96621,47.85286
جاسم,32.98099,36.04321
اللجون,32.60823,35.27017
الأفلاغونية,null,null
ابتعه,33.62812,50.05422
كسكانة,null,null
الرباط,33.99489,-6.88943
التيز,25.38207,60.63196
ماءين,null,null
مالن كواخرز,null,null
سوسة,35.81044,10.6156
كفر سلام,null,null
بريدا,null,null
قرقيسيا,null,null
سرمسه,null,null
كشميهن,37.78994,62.59986
سيسر,35.31623,46.98439
نريز,null,null
خايسار,32.4844,67.33448
سيراف,27.69666,52.34306
سروزن,31.14385,62.17057
بئر الجمالين,null,null
مجانة,null,null
الزط,31.05807,49.71372
أنجيره,32.14014,54.41329
خرمة,null,null
الدينور,34.60195,47.49055
حبس,null,null
موسى آباذ,null,null
صعدة,16.9453,43.76442
بئر,null,null
عميان,null,null
عضوة,null,null
عقبة الشهداء,null,null
اسناخ,null,null
الثعلبية,28.29472,43.16528
جبلتا,34.62614,43.72814
العريش,32.30201,-4.52149
عبادان,30.33563,48.27394
قنب,null,null
مراغة,37.34276,46.24758
دريز,29.66188,51.54129
الزيتون,30.51616,50.39397
المرج,34.30577,46.22379
جاشان,null,null
امزه,39.90472,64.25722
الدكان,null,null
قرية الرمل,null,null
المخلصة,null,null
أسفزار,33.24402,62.12974
البردان,33.50829,44.36092
الصغانيان,38.26337,67.89454
الجند,13.69225,44.17508
سن نحلس,null,null
بنات جرم,19.20706,42.7829
الخرقان,37.72041,45.98591
كنجاباذ,35.78873,63.98233
رباط,33.99489,-6.88943
قرية غرم,null,null
ملازكرد,39.1437,42.55713
كرو,31.79256,51.69552
قصور حسان,31.25883,15.87924
جبل طارق,null,null
زرداباذ,36.65798,55.30802
كدروا,29.16368,54.67346
نيريز,29.21368,54.27518
الثجة,13.97911,44.17683
كورد وكلار,null,null
باسند,38.21375,67.24396
الطائف,21.21629,40.40566
ترمذ,null,null
يلملم,20.84741,40.08231
خان رش,32.23981,51.79877
الرافقة,30.6947,30.73593
خان روشن,31.25559,52.02871
عونید,null,null
برقة,32.37576,20.84475
قلرى,null,null
تل فافان,37.72559,41.78238
ابارست,null,null
مکة,21.39132,39.83612
أرمية,null,null
شبام,15.92483,48.57208
تبسة,null,null
منزل ابن بندقة,30.09522,31.93498
كهمندة,30.2849,53.1975
بلخان,37.51897,66.00329
خوسكان,30.5027,52.48426
تستر,32.0511,48.85461
النقموذية,null,null
بلور,35.81911,52.0667
العمق,36.38345,36.47102
وادی القری,null,null
باجة,36.67738,9.20563
جرجان,37.19091,55.206
الكبس,null,null
نوباغ,42.2688,59.81853
نهر دبا,null,null
بدا یعقوب,null,null
رباط ماش,41.35412,61.49617
مرج وزهر,33.08994,50.95356
كنجر,null,null
مليتية,null,null
أشبورقان,36.65136,65.78352
ركان,29.7751,52.74824
فهل فهرة,null,null
معلثايا,null,null
كه,null,null
بنجواى,31.51036,65.43237
الفسطاط,30.04325,31.24964
درسان,null,null
شاواب,null,null
قصر شيرين,34.49996,45.62659
البنك,null,null
قرية الجن,null,null
فدين,35.4148,40.59626
رباط كرزوان,35.61955,63.81969
کحلان,13.96335,44.85637
الطيب,32.22674,47.30428
حمص,34.73793,36.72425
الرقة,35.9493,39.05128
راذان,30.12067,54.70209
الكرخ,33.31703,44.35293
مالن,36.81403,65.07649
بومينه,30.93264,29.71572
العينية,null,null
بست,31.39108,64.39078
بلد روب,null,null
جاه زندايا,null,null
السكير,null,null
قرية الخلاف,30.63942,53.18449
دمياط,31.43739,31.79125
العرج,23.85851,39.20944
قصر الفيل,null,null
جرباذقان,33.3812,50.29276
رنیة,null,null
تل حوم,38.19784,39.75447
البذان,null,null
نشديغن/رباط؟؟؟,null,null
جاجستان,null,null
الدولاب,null,null
بزدة,39.03468,65.44949
البصرة,34.82887,-5.88806
تيرم,31.39156,49.82612
المهجرة,17.60657,43.54039
قومسة,32.00251,51.86732
الزيز,null,null
طليطلة,39.88926,-4.0521
الرحبة,27.67097,36.48835
كلنا,null,null
مندم,31.02269,48.881
المدينة,24.47782,39.60908
سجلماسة,31.27819,-4.23723
قلعة المجوس,null,null
فيق,32.77421,35.67655
دهليزان,30.77763,49.97179
تل وان,null,null
كندك,38.37384,66.78829
جسداء,19.51994,42.71961
الحارله,null,null
نوزوار,42.00196,59.39815
هيت,33.6437,42.80628
صغر,31.03706,35.46845
بوزنجرد,34.95777,48.98488
برديج,40.23581,47.56971
طابران,36.42208,59.49915
قنوان,null,null
ربنجن,39.86785,66.37226
الشماخية,40.67871,48.68505
ضریة,null,null
جكم,39.58498,64.73843
رباط عتيق,39.44667,65.02339
قلعة يونس,null,null
بارجاخ,42.62635,70.80406
لبلة,37.38969,-6.66965
بوزجان,35.17917,60.61524
الجدد,21.733,41.07197
بم,29.10304,58.34327
املوتا,null,null
داور,null,null
أستراباذ,null,null
برذعة,40.45334,47.23624
مدین,null,null
السيب,32.97916,44.8461
قرية الأسد,31.55774,53.84828
عين العصافير,null,null
ريك,null,null
بارجمت,33.05675,11.63847
مرزك,null,null
هزاراسب,41.2861,61.09517
حى عبد الله,null,null
خاره,null,null
ماذرواستان,null,null
بشتر,null,null
بيان,30.46468,48.03005
درهفان,null,null
زنجان,36.66235,48.5053
بغيشن,null,null
جويم ابى احمد,null,null
الفحيمة,34.23688,42.18317
شاباوك,30.13418,55.05872
إصطخر,29.97008,52.92548
بلبيس,30.41776,31.57097
مرسية,37.99945,-1.11443
السكرية,31.56416,34.65335
الطاق,30.68777,62.12651
نسفان,14.02916,44.8432
الديلمان,36.69592,50.52548
تربة,21.25283,41.6403
كوفن,null,null
الفعونية,null,null
السيرجان,29.46102,55.74854
حليمان,32.77902,22.203
الفوارة,33.55129,10.50881
راس السكر,29.7751,52.87257
الباميان,34.84737,67.80206
البطان,28.74899,43.27579
بالس,29.64265,67.65738
الطواويس,40.01136,64.78279
سنجاهان,29.74023,50.38864
السقیا,null,null
ابادان,null,null
المروة,25.71785,38.58647
عدن,12.79365,45.03942
فرزين,29.95407,56.77211
نشديغن,null,null
السن,35.26076,43.46591
مزدوران,36.17215,60.54672
قصرقند,26.29231,60.71473
الدسكرة,33.94151,44.9231
الأسراب,35.81599,63.76323
دير بازما,null,null
دزك,27.36457,62.26752
برزانيان,null,null
بامقرا,37.75537,39.3345
c,null,null
قرية الرصد,null,null
رامهرمز,31.28576,49.60131
جلاب,37.41051,38.91048
شهرزور,35.25767,46.01676
ازدود,31.79837,34.66817
رباط جكربند,null,null
جب الميدعان,32.18179,23.31692
منبج,36.54651,37.98957
المسدودة,null,null
الأنبار,36.20578,65.94751
أسداباذ,36.29294,62.67861
الحفیر,null,null
الرمانة,null,null
آلوسة,null,null
سروستان,29.25713,53.20589
عجرود,30.05828,32.38039
صور,33.26921,35.20796
أنقرة,null,null
معدن النقرة,25.5536,41.52796
العونید,null,null
طراز,42.83695,71.44044
قرية الحطب,null,null
البحیرة,null,null
يافه,32.06237,34.75362
الجار,23.8182,38.50713
نهر الملك,32.94875,44.50953
الشقوق,29.08495,43.41491
بناكث,40.71867,68.80969
رباط عبد الله,null,null
جالق,27.64173,62.64811
خرسان,null,null
بسطام,36.45952,55.07205
سنكردة,38.50044,67.57933
سونقين,35.0274,50.02954
امده,null,null
نهر سابس,32.49681,45.96969
الدبوسية,39.93282,66.0174
هرموز,27.0994,56.94955
مضيق النهر,null,null
بطن مر,21.64499,39.73935
نورين,null,null
الجسر المحترق,null,null
كرم,29.07233,53.608
على اليمين,null,null
ناكور,35.22154,-3.90859
مرج الشيخ,31.67644,24.83486
كوستان,null,null
سمورة,41.44051,-5.76776
كردرانخاس,41.38937,60.68254
بريدين,null,null
دشت داودي,null,null
المعلاة,null,null
النهر,null,null
رائين,null,null
دارجين,null,null
قصر مهدى,null,null
جم,27.8168,52.39133
زرند,30.82737,56.59714
حصن زياد,38.75874,39.2247
ارسطا,null,null
هفدر,36.36629,56.13276
البويب,30.16955,31.57979
سيوه,29.53796,67.85288
الخبارجان,null,null
قزدار,null,null
القرينين,36.5754,62.44974
الندامة,null,null
جنزة,40.81356,46.38603
أطرابلس,34.44044,35.85194
قصر أحنف,35.76147,63.21212
كفركيلا,null,null
الغور,31.86882,35.48149
الحفر,null,null
غزنين,33.56409,68.40733
خير,29.25944,53.93868
بهار,29.8855,56.35225
جعفرآباذ,31.19326,51.81266
واسط,32.19497,46.32308
بحيرآباذ,36.88847,62.46952
الحجر,24.64352,46.73212
كلار,30.72449,51.92199
رباط الحديد,38.0492,62.80686
البازير,31.6409,49.89265
باراب سار,null,null
البيضاء,26.79044,37.01435
خنان,41.39027,45.50578
كث,41.72062,60.70385
أزر سابور,null,null
الطاحونة,null,null
القرعون,33.57083,35.71229
قرية بيذ,30.63942,53.18449
الدورق,30.81069,48.92625
حسيناباذ,36.10768,57.92813
الشحاجية,36.27006,42.9665
جب سعيد,null,null
رباط الحجرية,31.39074,65.88026
جنزروذ,30.67077,56.92513
النعمانية,32.59694,45.4265
اريحاء,null,null
